rel_pers_id,rel_dep_id,rel_order
1,1,1
2,2,2
4,4,4
5,5,5
7,7,7
8,8,8
9,9,1
10,10,2
11,11,3
12,12,4
13,13,5
14,14,6
16,16,8
17,17,1
18,18,2
19,19,3
20,20,4
21,21,5
22,22,6
24,24,8
25,25,1
28,28,4
29,29,5
30,30,6
32,32,8
33,33,1
34,34,2
35,35,3
36,36,4
37,37,5
38,38,6
39,39,7
41,41,1
42,42,2
44,44,4
45,45,5
46,46,6
47,47,7
48,48,8
49,49,1
50,50,2
51,51,3
52,52,4
53,53,5
54,54,6
55,55,7
56,56,8
57,57,1
58,58,2
59,59,3
60,60,4
62,62,6
63,63,7
64,64,8
65,65,1
66,66,2
67,67,3
68,68,4
69,69,5
70,70,6
71,71,7
72,72,8
73,73,1
74,74,2
76,76,4
77,77,5
78,78,6
80,80,8
81,81,1
82,82,2
83,83,3
84,84,4
86,86,6
87,87,7
88,88,8
89,89,1
90,90,2
91,91,3
92,92,4
93,93,5
94,94,6
95,95,7
96,96,8
97,97,1
98,98,2
99,99,3
101,101,5
103,103,7
104,104,8
105,105,1
106,106,2
107,107,3
108,108,4
109,109,5
110,110,6
111,111,7
112,112,8
113,113,1
115,115,3
116,116,4
117,117,5
118,118,6
119,119,7
120,120,8
121,121,1
122,122,2
123,123,3
124,124,4
125,125,5
126,126,6
127,127,7
128,128,8
129,129,1
130,130,2
131,131,3
132,132,4
133,133,5
134,134,6
135,135,7
136,136,8
137,137,1
138,138,2
139,139,3
140,140,4
141,141,5
142,142,6
143,143,7
144,144,8
145,145,1
146,146,2
147,147,3
148,148,4
149,149,5
150,150,6
151,151,7
152,152,8
153,153,1
154,154,2
155,155,3
156,156,4
157,157,5
158,158,6
159,159,7
160,160,8
161,161,1
162,162,2
163,163,3
164,164,4
165,165,5
166,166,6
167,167,7
168,168,8
169,169,1
170,170,2
171,171,3
172,172,4
173,173,5
174,174,6
176,176,8
177,177,1
180,180,4
181,181,5
182,182,6
183,183,7
184,184,8
185,185,1
186,186,2
187,187,3
188,188,4
190,190,6
191,191,7
192,192,8
193,193,1
194,194,2
195,195,3
196,196,4
197,197,5
198,198,6
199,199,7
200,200,8
201,201,1
203,203,3
204,204,4
205,205,5
206,206,6
207,207,7
208,208,8
209,209,1
210,210,2
211,211,3
212,212,4
214,214,6
215,215,7
216,216,8
217,217,1
218,218,2
219,219,3
220,220,4
221,221,5
222,222,6
223,223,7
224,224,8
225,225,1
226,226,2
227,227,3
228,228,4
229,229,5
230,230,6
231,231,7
232,232,8
233,233,1
234,234,2
235,235,3
236,236,4
237,237,5
238,238,6
239,239,7
240,240,8
241,241,1
242,242,2
243,243,3
244,244,4
246,246,6
247,247,7
248,248,8
249,249,1
250,250,2
251,251,3
253,253,5
254,254,6
255,255,7
256,256,8
258,258,2
260,260,4
261,261,5
262,262,6
263,263,7
264,264,8
265,265,1
266,266,2
267,267,3
269,269,5
271,271,7
272,272,8
273,273,1
274,274,2
275,275,3
276,276,4
277,277,5
278,278,6
279,279,7
280,280,8
281,281,1
283,283,3
284,284,4
285,285,5
286,286,6
287,287,7
288,288,8
289,289,1
293,293,5
294,294,6
295,295,7
296,296,8
297,297,1
298,298,2
299,299,3
300,300,4
301,301,5
302,302,6
303,303,7
304,304,8
305,305,1
306,306,2
307,307,3
308,308,4
309,309,5
310,310,6
311,311,7
312,312,8
313,313,1
315,315,3
317,317,5
318,318,6
319,319,7
321,321,1
323,323,3
324,324,4
326,326,6
327,327,7
328,328,8
329,329,1
331,331,3
332,332,4
333,333,5
334,334,6
336,336,8
337,337,1
338,338,2
339,339,3
340,340,4
341,341,5
342,342,6
343,343,7
344,344,8
346,346,2
347,347,3
349,349,5
350,350,6
352,352,8
354,354,2
355,355,3
356,356,4
357,357,5
358,358,6
359,359,7
361,361,1
362,362,2
363,363,3
364,364,4
365,365,5
366,366,6
367,367,7
368,368,8
370,370,2
371,371,3
372,372,4
373,373,5
374,374,6
375,375,7
376,376,8
377,377,1
378,378,2
379,379,3
380,380,4
381,381,5
382,382,6
383,383,7
384,384,8
386,386,2
387,387,3
388,388,4
389,389,5
390,390,6
392,392,8
393,393,1
395,395,3
396,396,4
397,397,5
398,398,6
399,399,7
400,400,8
401,401,1
402,402,2
403,403,3
404,404,4
405,405,5
406,406,6
407,407,7
408,408,8
409,409,1
410,410,2
411,411,3
412,412,4
413,413,5
414,414,6
415,415,7
416,416,8
417,417,1
418,418,2
419,419,3
420,420,4
421,421,5
422,422,6
423,423,7
424,424,8
425,425,1
426,426,2
427,427,3
428,428,4
429,429,5
430,430,6
431,431,7
432,432,8
433,433,1
434,434,2
436,436,4
437,437,5
438,438,6
439,439,7
440,440,8
441,441,1
442,442,2
443,443,3
444,444,4
445,445,5
446,446,6
447,447,7
448,448,8
449,449,1
450,450,2
451,451,3
452,452,4
453,453,5
454,454,6
455,455,7
456,456,8
457,457,1
458,458,2
459,459,3
460,460,4
462,462,6
463,463,7
464,464,8
465,465,1
466,466,2
467,467,3
468,468,4
469,469,5
470,470,6
471,471,7
473,473,1
474,474,2
475,475,3
476,476,4
477,477,5
478,478,6
479,479,7
480,480,8
481,481,1
482,482,2
484,484,4
485,485,5
486,486,6
487,487,7
488,488,8
489,489,1
490,490,2
491,491,3
492,492,4
493,493,5
494,494,6
495,495,7
496,496,8
497,497,1
498,498,2
499,499,3
500,500,4
501,501,5
502,502,6
503,503,7
504,504,8
505,505,1
506,506,2
507,507,3
508,508,4
509,509,5
510,510,6
511,511,7
512,512,8
513,513,1
514,514,2
515,515,3
516,516,4
517,517,5
518,518,6
519,519,7
520,520,8
521,521,1
522,522,2
523,523,3
524,524,4
525,525,5
527,527,7
528,528,8
529,529,1
530,530,2
1,531,3
2,532,4
4,534,6
8,538,2
9,539,3
10,540,4
11,541,5
12,542,6
13,543,7
14,544,8
16,546,2
17,547,3
18,548,4
19,549,5
20,550,6
21,551,7
22,552,8
24,554,2
25,555,3
28,558,6
29,559,7
30,560,8
32,562,2
33,563,3
34,564,4
35,565,5
36,566,6
37,567,7
41,571,3
42,572,4
44,574,6
45,575,7
46,576,8
48,578,2
50,580,4
51,581,5
52,582,6
53,583,7
54,584,8
55,585,1
56,586,2
57,587,3
58,588,4
60,590,6
62,592,8
63,593,1
64,594,2
65,595,3
66,596,4
67,597,5
68,598,6
69,599,7
70,600,8
71,601,1
72,602,2
73,603,3
74,604,4
76,606,6
77,607,7
78,608,8
80,610,2
81,611,3
82,612,4
83,613,5
84,614,6
86,616,8
87,617,1
88,618,2
89,619,3
90,620,4
91,621,5
92,622,6
93,623,7
94,624,8
95,625,1
96,626,2
97,627,3
98,628,4
99,629,5
101,631,7
103,633,1
104,634,2
105,635,3
106,636,4
107,637,5
108,638,6
109,639,7
111,641,1
112,642,2
113,643,3
115,645,5
116,646,6
117,647,7
118,648,8
119,649,1
120,650,2
121,651,3
122,652,4
123,653,5
124,654,6
125,655,7
126,656,8
127,657,1
128,658,2
129,659,3
130,660,4
131,661,5
132,662,6
133,663,7
134,664,8
135,665,1
136,666,2
137,667,3
138,668,4
139,669,5
140,670,6
141,671,7
142,672,8
143,673,1
144,674,2
145,675,3
146,676,4
147,677,5
148,678,6
149,679,7
150,680,8
152,682,2
154,684,4
155,685,5
156,686,6
157,687,7
158,688,8
159,689,1
161,691,3
162,692,4
163,693,5
164,694,6
165,695,7
166,696,8
167,697,1
168,698,2
169,699,3
170,700,4
171,701,5
172,702,6
176,706,2
177,707,3
180,710,6
181,711,7
182,712,8
183,713,1
184,714,2
185,715,3
186,716,4
187,717,5
188,718,6
190,720,8
191,721,1
192,722,2
193,723,3
194,724,4
196,726,6
197,727,7
198,728,8
199,729,1
200,730,2
201,731,3
203,733,5
204,734,6
205,735,7
206,736,8
207,737,1
208,738,2
209,739,3
210,740,4
211,741,5
212,742,6
214,744,8
215,745,1
216,746,2
217,747,3
218,748,4
219,749,5
220,750,6
221,751,7
222,752,8
223,753,1
224,754,2
225,755,3
226,756,4
227,757,5
228,758,6
229,759,7
230,760,8
231,761,1
232,762,2
233,763,3
234,764,4
235,765,5
236,766,6
237,767,7
238,768,8
239,769,1
240,770,2
241,771,3
242,772,4
243,773,5
244,774,6
246,776,8
247,777,1
248,778,2
249,779,3
250,780,4
251,781,5
253,783,7
254,784,8
255,785,1
256,786,2
258,788,4
260,790,6
261,791,7
262,792,8
263,793,1
264,794,2
265,795,3
266,796,4
267,797,5
269,799,7
271,801,1
272,802,2
273,803,3
274,804,4
275,805,5
276,806,6
277,807,7
278,808,8
279,809,1
280,810,2
281,811,3
283,813,5
284,814,6
285,815,7
286,816,8
287,817,1
288,818,2
289,819,3
293,823,7
294,824,8
295,825,1
296,826,2
297,827,3
298,828,4
299,829,5
300,830,6
301,831,7
302,832,8
303,833,1
304,834,2
306,836,4
307,837,5
308,838,6
309,839,7
310,840,8
311,841,1
312,842,2
313,843,3
315,845,5
317,847,7
318,848,8
319,849,1
321,851,3
323,853,5
324,854,6
326,856,8
327,857,1
328,858,2
329,859,3
331,861,5
332,862,6
333,863,7
334,864,8
336,866,2
337,867,3
339,869,5
340,870,6
341,871,7
342,872,8
343,873,1
344,874,2
346,876,4
347,877,5
349,879,7
350,880,8
352,882,2
354,884,4
355,885,5
356,886,6
357,887,7
358,888,8
359,889,1
361,891,3
362,892,4
363,893,5
364,894,6
365,895,7
366,896,8
367,897,1
368,898,2
370,900,4
371,901,5
372,902,6
373,903,7
374,904,8
375,905,1
376,906,2
377,907,3
378,908,4
379,909,5
380,910,6
381,911,7
382,912,8
383,913,1
384,914,2
385,915,3
386,916,4
387,917,5
388,918,6
389,919,7
390,920,8
391,921,1
392,922,2
393,923,3
395,925,5
396,926,6
397,927,7
398,928,8
399,929,1
401,931,3
402,932,4
403,933,5
404,934,6
405,935,7
406,936,8
407,937,1
408,938,2
409,939,3
410,940,4
411,941,5
412,942,6
414,944,8
415,945,1
416,946,2
417,947,3
418,948,4
419,949,5
420,950,6
421,951,7
422,952,8
423,953,1
424,954,2
425,955,3
426,956,4
427,957,5
428,958,6
429,959,7
430,960,8
431,961,1
432,962,2
433,963,3
434,964,4
436,966,6
437,967,7
438,968,8
439,969,1
440,970,2
441,971,3
442,972,4
443,973,5
444,974,6
445,975,7
446,976,8
447,977,1
448,978,2
449,979,3
450,980,4
451,981,5
452,982,6
453,983,7
454,984,8
455,985,1
456,986,2
457,987,3
458,988,4
460,990,6
462,992,8
463,993,1
464,994,2
465,995,3
466,996,4
467,997,5
468,998,6
469,999,7
470,1000,8
471,1001,1
474,1004,4
475,1005,5
476,1006,6
477,1007,7
478,1008,8
479,1009,1
480,1010,2
481,1011,3
482,1012,4
483,1013,5
484,1014,6
485,1015,7
486,1016,8
487,1017,1
488,1018,2
489,1019,3
490,1020,4
491,1021,5
492,1022,6
493,1023,7
494,1024,8
495,1025,1
496,1026,2
497,1027,3
498,1028,4
499,1029,5
500,1030,6
501,1031,7
502,1032,8
503,1033,1
504,1034,2
507,1037,5
508,1038,6
509,1039,7
510,1040,8
511,1041,1
512,1042,2
513,1043,3
514,1044,4
515,1045,5
516,1046,6
517,1047,7
518,1048,8
519,1049,1
520,1050,2
521,1051,3
522,1052,4
523,1053,5
524,1054,6
525,1055,7
527,1057,1
528,1058,2
529,1059,3
530,1060,4
1,1061,5
2,1062,6
4,1064,8
8,1068,4
9,1069,5
10,1070,6
13,1073,1
14,1074,2
16,1076,4
17,1077,5
18,1078,6
19,1079,7
20,1080,8
21,1081,1
22,1082,2
24,1084,4
25,1085,5
28,1088,8
30,1090,2
32,1092,4
35,1095,7
36,1096,8
37,1097,1
41,1101,5
42,1102,6
44,1104,8
45,1105,1
50,1110,6
51,1111,7
52,1112,8
53,1113,1
54,1114,2
55,1115,3
56,1116,4
57,1117,5
58,1118,6
60,1120,8
62,1122,2
63,1123,3
64,1124,4
65,1125,5
66,1126,6
67,1127,7
68,1128,8
69,1129,1
70,1130,2
71,1131,3
73,1133,5
74,1134,6
76,1136,8
80,1140,4
81,1141,5
82,1142,6
83,1143,7
84,1144,8
86,1146,2
87,1147,3
88,1148,4
89,1149,5
90,1150,6
91,1151,7
92,1152,8
94,1154,2
95,1155,3
96,1156,4
97,1157,5
98,1158,6
99,1159,7
101,1161,1
103,1163,3
104,1164,4
105,1165,5
106,1166,6
107,1167,7
108,1168,8
109,1169,1
111,1171,3
115,1175,7
116,1176,8
117,1177,1
118,1178,2
119,1179,3
120,1180,4
121,1181,5
122,1182,6
123,1183,7
124,1184,8
125,1185,1
126,1186,2
127,1187,3
128,1188,4
130,1190,6
131,1191,7
132,1192,8
133,1193,1
134,1194,2
135,1195,3
136,1196,4
137,1197,5
138,1198,6
140,1200,8
141,1201,1
142,1202,2
143,1203,3
144,1204,4
146,1206,6
147,1207,7
148,1208,8
149,1209,1
150,1210,2
152,1212,4
154,1214,6
155,1215,7
156,1216,8
157,1217,1
158,1218,2
159,1219,3
161,1221,5
162,1222,6
163,1223,7
164,1224,8
165,1225,1
166,1226,2
167,1227,3
168,1228,4
169,1229,5
170,1230,6
171,1231,7
172,1232,8
176,1236,4
177,1237,5
180,1240,8
181,1241,1
182,1242,2
183,1243,3
184,1244,4
185,1245,5
186,1246,6
187,1247,7
188,1248,8
191,1251,3
192,1252,4
193,1253,5
194,1254,6
196,1256,8
197,1257,1
198,1258,2
199,1259,3
200,1260,4
203,1263,7
204,1264,8
206,1266,2
207,1267,3
208,1268,4
209,1269,5
210,1270,6
211,1271,7
212,1272,8
214,1274,2
215,1275,3
216,1276,4
217,1277,5
218,1278,6
219,1279,7
220,1280,8
222,1282,2
223,1283,3
224,1284,4
225,1285,5
226,1286,6
228,1288,8
229,1289,1
230,1290,2
231,1291,3
232,1292,4
233,1293,5
235,1295,7
236,1296,8
237,1297,1
239,1299,3
241,1301,5
242,1302,6
243,1303,7
244,1304,8
246,1306,2
247,1307,3
248,1308,4
249,1309,5
250,1310,6
251,1311,7
253,1313,1
254,1314,2
255,1315,3
256,1316,4
260,1320,8
261,1321,1
262,1322,2
263,1323,3
264,1324,4
265,1325,5
266,1326,6
267,1327,7
269,1329,1
272,1332,4
273,1333,5
274,1334,6
275,1335,7
276,1336,8
277,1337,1
279,1339,3
280,1340,4
283,1343,7
284,1344,8
285,1345,1
288,1348,4
289,1349,5
293,1353,1
294,1354,2
295,1355,3
296,1356,4
297,1357,5
298,1358,6
299,1359,7
300,1360,8
301,1361,1
302,1362,2
303,1363,3
306,1366,6
307,1367,7
308,1368,8
309,1369,1
310,1370,2
311,1371,3
313,1373,5
315,1375,7
317,1377,1
318,1378,2
319,1379,3
321,1381,5
323,1383,7
324,1384,8
326,1386,2
327,1387,3
328,1388,4
329,1389,5
333,1393,1
334,1394,2
337,1397,5
339,1399,7
340,1400,8
341,1401,1
342,1402,2
343,1403,3
344,1404,4
346,1406,6
347,1407,7
349,1409,1
350,1410,2
352,1412,4
354,1414,6
355,1415,7
356,1416,8
357,1417,1
358,1418,2
359,1419,3
361,1421,5
362,1422,6
363,1423,7
364,1424,8
365,1425,1
366,1426,2
367,1427,3
368,1428,4
371,1431,7
372,1432,8
373,1433,1
374,1434,2
375,1435,3
376,1436,4
377,1437,5
378,1438,6
379,1439,7
380,1440,8
381,1441,1
382,1442,2
385,1445,5
386,1446,6
388,1448,8
389,1449,1
390,1450,2
391,1451,3
392,1452,4
393,1453,5
395,1455,7
396,1456,8
397,1457,1
398,1458,2
401,1461,5
402,1462,6
403,1463,7
404,1464,8
405,1465,1
406,1466,2
407,1467,3
409,1469,5
410,1470,6
411,1471,7
412,1472,8
414,1474,2
415,1475,3
416,1476,4
418,1478,6
419,1479,7
420,1480,8
421,1481,1
422,1482,2
423,1483,3
424,1484,4
426,1486,6
427,1487,7
428,1488,8
429,1489,1
430,1490,2
431,1491,3
432,1492,4
433,1493,5
434,1494,6
436,1496,8
437,1497,1
438,1498,2
439,1499,3
440,1500,4
441,1501,5
442,1502,6
443,1503,7
445,1505,1
446,1506,2
447,1507,3
449,1509,5
450,1510,6
452,1512,8
453,1513,1
454,1514,2
455,1515,3
456,1516,4
457,1517,5
458,1518,6
460,1520,8
462,1522,2
463,1523,3
464,1524,4
465,1525,5
466,1526,6
467,1527,7
468,1528,8
469,1529,1
470,1530,2
471,1531,3
474,1534,6
475,1535,7
476,1536,8
477,1537,1
478,1538,2
479,1539,3
480,1540,4
481,1541,5
482,1542,6
483,1543,7
484,1544,8
485,1545,1
486,1546,2
487,1547,3
488,1548,4
489,1549,5
490,1550,6
491,1551,7
492,1552,8
493,1553,1
494,1554,2
495,1555,3
496,1556,4
497,1557,5
498,1558,6
499,1559,7
500,1560,8
501,1561,1
502,1562,2
503,1563,3
504,1564,4
508,1568,8
509,1569,1
510,1570,2
511,1571,3
512,1572,4
513,1573,5
514,1574,6
516,1576,8
517,1577,1
518,1578,2
519,1579,3
520,1580,4
521,1581,5
522,1582,6
523,1583,7
524,1584,8
525,1585,1
528,1588,4
529,1589,5
530,1590,6
1,1591,7
2,1592,8
4,1594,2
8,1598,6
9,1599,7
10,1600,8
13,1603,3
14,1604,4
16,1606,6
18,1608,8
19,1609,1
21,1611,3
22,1612,4
25,1615,7
28,1618,2
30,1620,4
35,1625,1
36,1626,2
41,1631,7
42,1632,8
44,1634,2
45,1635,3
50,1640,8
51,1641,1
52,1642,2
53,1643,3
55,1645,5
56,1646,6
57,1647,7
60,1650,2
62,1652,4
63,1653,5
64,1654,6
65,1655,7
67,1657,1
68,1658,2
69,1659,3
70,1660,4
71,1661,5
73,1663,7
74,1664,8
76,1666,2
80,1670,6
81,1671,7
82,1672,8
83,1673,1
84,1674,2
86,1676,4
89,1679,7
90,1680,8
91,1681,1
94,1684,4
95,1685,5
96,1686,6
97,1687,7
98,1688,8
101,1691,3
104,1694,6
107,1697,1
108,1698,2
111,1701,5
115,1705,1
116,1706,2
117,1707,3
118,1708,4
119,1709,5
122,1712,8
123,1713,1
125,1715,3
126,1716,4
128,1718,6
130,1720,8
131,1721,1
132,1722,2
133,1723,3
135,1725,5
136,1726,6
137,1727,7
138,1728,8
140,1730,2
143,1733,5
144,1734,6
146,1736,8
147,1737,1
148,1738,2
152,1742,6
154,1744,8
156,1746,2
157,1747,3
158,1748,4
159,1749,5
162,1752,8
163,1753,1
164,1754,2
165,1755,3
166,1756,4
167,1757,5
168,1758,6
170,1760,8
171,1761,1
176,1766,6
177,1767,7
180,1770,2
181,1771,3
182,1772,4
183,1773,5
184,1774,6
185,1775,7
188,1778,2
191,1781,5
192,1782,6
193,1783,7
194,1784,8
197,1787,3
199,1789,5
200,1790,6
204,1794,2
206,1796,4
207,1797,5
208,1798,6
210,1800,8
211,1801,1
212,1802,2
214,1804,4
215,1805,5
216,1806,6
217,1807,7
218,1808,8
219,1809,1
220,1810,2
222,1812,4
224,1814,6
225,1815,7
226,1816,8
228,1818,2
229,1819,3
230,1820,4
231,1821,5
233,1823,7
235,1825,1
237,1827,3
241,1831,7
242,1832,8
244,1834,2
246,1836,4
247,1837,5
248,1838,6
249,1839,7
250,1840,8
253,1843,3
254,1844,4
255,1845,5
256,1846,6
260,1850,2
261,1851,3
262,1852,4
264,1854,6
266,1856,8
267,1857,1
269,1859,3
272,1862,6
273,1863,7
274,1864,8
276,1866,2
277,1867,3
279,1869,5
280,1870,6
283,1873,1
284,1874,2
285,1875,3
288,1878,6
289,1879,7
293,1883,3
294,1884,4
295,1885,5
296,1886,6
297,1887,7
298,1888,8
299,1889,1
300,1890,2
301,1891,3
302,1892,4
303,1893,5
306,1896,8
307,1897,1
308,1898,2
309,1899,3
310,1900,4
311,1901,5
313,1903,7
315,1905,1
317,1907,3
318,1908,4
319,1909,5
321,1911,7
323,1913,1
324,1914,2
326,1916,4
327,1917,5
328,1918,6
329,1919,7
333,1923,3
334,1924,4
337,1927,7
339,1929,1
340,1930,2
343,1933,5
344,1934,6
346,1936,8
347,1937,1
352,1942,6
354,1944,8
356,1946,2
358,1948,4
359,1949,5
361,1951,7
362,1952,8
363,1953,1
365,1955,3
366,1956,4
368,1958,6
371,1961,1
373,1963,3
374,1964,4
375,1965,5
376,1966,6
377,1967,7
378,1968,8
380,1970,2
382,1972,4
386,1976,8
388,1978,2
389,1979,3
390,1980,4
391,1981,5
393,1983,7
395,1985,1
396,1986,2
397,1987,3
398,1988,4
401,1991,7
403,1993,1
404,1994,2
405,1995,3
406,1996,4
407,1997,5
409,1999,7
411,2001,1
412,2002,2
414,2004,4
415,2005,5
416,2006,6
419,2009,1
420,2010,2
421,2011,3
422,2012,4
423,2013,5
424,2014,6
426,2016,8
427,2017,1
428,2018,2
429,2019,3
430,2020,4
431,2021,5
432,2022,6
433,2023,7
437,2027,3
438,2028,4
439,2029,5
440,2030,6
441,2031,7
442,2032,8
443,2033,1
445,2035,3
446,2036,4
447,2037,5
449,2039,7
450,2040,8
452,2042,2
453,2043,3
454,2044,4
455,2045,5
456,2046,6
457,2047,7
458,2048,8
460,2050,2
463,2053,5
464,2054,6
465,2055,7
466,2056,8
467,2057,1
468,2058,2
469,2059,3
470,2060,4
471,2061,5
474,2064,8
475,2065,1
476,2066,2
477,2067,3
478,2068,4
479,2069,5
481,2071,7
482,2072,8
484,2074,2
485,2075,3
486,2076,4
487,2077,5
488,2078,6
489,2079,7
490,2080,8
491,2081,1
492,2082,2
493,2083,3
494,2084,4
495,2085,5
497,2087,7
498,2088,8
499,2089,1
500,2090,2
501,2091,3
502,2092,4
503,2093,5
504,2094,6
510,2100,4
511,2101,5
512,2102,6
513,2103,7
514,2104,8
516,2106,2
517,2107,3
518,2108,4
520,2110,6
521,2111,7
522,2112,8
525,2115,3
528,2118,6
529,2119,7
1,2121,1
2,2122,2
4,2124,4
8,2128,8
9,2129,1
10,2130,2
13,2133,5
14,2134,6
16,2136,8
19,2139,3
21,2141,5
22,2142,6
25,2145,1
28,2148,4
35,2155,3
42,2162,2
44,2164,4
50,2170,2
51,2171,3
53,2173,5
55,2175,7
56,2176,8
57,2177,1
62,2182,6
64,2184,8
65,2185,1
68,2188,4
70,2190,6
71,2191,7
73,2193,1
74,2194,2
80,2200,8
81,2201,1
82,2202,2
84,2204,4
86,2206,6
89,2209,1
94,2214,6
96,2216,8
97,2217,1
101,2221,5
104,2224,8
107,2227,3
108,2228,4
116,2236,4
117,2237,5
118,2238,6
119,2239,7
122,2242,2
123,2243,3
126,2246,6
130,2250,2
132,2252,4
133,2253,5
138,2258,2
140,2260,4
144,2264,8
147,2267,3
148,2268,4
152,2272,8
154,2274,2
156,2276,4
157,2277,5
158,2278,6
159,2279,7
162,2282,2
163,2283,3
164,2284,4
165,2285,5
167,2287,7
168,2288,8
170,2290,2
171,2291,3
176,2296,8
177,2297,1
181,2301,5
182,2302,6
183,2303,7
184,2304,8
185,2305,1
188,2308,4
191,2311,7
192,2312,8
193,2313,1
194,2314,2
197,2317,5
199,2319,7
200,2320,8
204,2324,4
208,2328,8
210,2330,2
211,2331,3
214,2334,6
215,2335,7
217,2337,1
224,2344,8
226,2346,2
229,2349,5
230,2350,6
231,2351,7
233,2353,1
246,2366,6
248,2368,8
249,2369,1
250,2370,2
253,2373,5
254,2374,6
255,2375,7
256,2376,8
261,2381,5
262,2382,6
264,2384,8
266,2386,2
267,2387,3
269,2389,5
277,2397,5
279,2399,7
283,2403,3
285,2405,5
293,2413,5
296,2416,8
297,2417,1
298,2418,2
300,2420,4
301,2421,5
302,2422,6
303,2423,7
306,2426,2
307,2427,3
308,2428,4
309,2429,5
311,2431,7
313,2433,1
317,2437,5
319,2439,7
321,2441,1
323,2443,3
326,2446,6
327,2447,7
328,2448,8
329,2449,1
333,2453,5
334,2454,6
339,2459,3
340,2460,4
343,2463,7
344,2464,8
346,2466,2
352,2472,8
354,2474,2
356,2476,4
359,2479,7
361,2481,1
362,2482,2
363,2483,3
365,2485,5
366,2486,6
371,2491,3
373,2493,5
374,2494,6
377,2497,1
378,2498,2
382,2502,6
386,2506,2
388,2508,4
389,2509,5
391,2511,7
393,2513,1
395,2515,3
405,2525,5
406,2526,6
407,2527,7
409,2529,1
411,2531,3
414,2534,6
420,2540,4
422,2542,6
423,2543,7
424,2544,8
426,2546,2
429,2549,5
432,2552,8
433,2553,1
437,2557,5
438,2558,6
440,2560,8
441,2561,1
442,2562,2
445,2565,5
446,2566,6
447,2567,7
449,2569,1
450,2570,2
452,2572,4
453,2573,5
454,2574,6
455,2575,7
456,2576,8
458,2578,2
463,2583,7
464,2584,8
465,2585,1
466,2586,2
467,2587,3
468,2588,4
469,2589,5
470,2590,6
474,2594,2
475,2595,3
476,2596,4
477,2597,5
479,2599,7
481,2601,1
482,2602,2
484,2604,4
485,2605,5
486,2606,6
487,2607,7
489,2609,1
490,2610,2
491,2611,3
492,2612,4
493,2613,5
494,2614,6
497,2617,1
498,2618,2
500,2620,4
501,2621,5
502,2622,6
503,2623,7
514,2634,2
521,2641,1
522,2642,2
525,2645,5
528,2648,8
529,2649,1
4,2654,6
10,2660,4
14,2664,8
16,2666,2
19,2669,5
21,2671,7
22,2672,8
25,2675,3
28,2678,6
44,2694,6
50,2700,4
51,2701,5
55,2705,1
57,2707,3
62,2712,8
65,2715,3
68,2718,6
74,2724,4
80,2730,2
82,2732,4
84,2734,6
89,2739,3
94,2744,8
96,2746,2
97,2747,3
101,2751,7
107,2757,5
108,2758,6
116,2766,6
117,2767,7
119,2769,1
130,2780,4
133,2783,7
138,2788,4
140,2790,6
144,2794,2
148,2798,6
152,2802,2
154,2804,4
159,2809,1
162,2812,4
163,2813,5
165,2815,7
167,2817,1
171,2821,5
176,2826,2
185,2835,3
191,2841,1
192,2842,2
193,2843,3
197,2847,7
199,2849,1
200,2850,2
208,2858,2
210,2860,4
211,2861,5
214,2864,8
217,2867,3
224,2874,2
226,2876,4
229,2879,7
230,2880,8
231,2881,1
233,2883,3
246,2896,8
250,2900,4
253,2903,7
255,2905,1
256,2906,2
269,2919,7
285,2935,7
293,2943,7
296,2946,2
297,2947,3
298,2948,4
300,2950,6
301,2951,7
302,2952,8
303,2953,1
306,2956,4
308,2958,6
309,2959,7
311,2961,1
313,2963,3
321,2971,3
323,2973,5
328,2978,2
329,2979,3
344,2994,2
354,3004,4
356,3006,6
359,3009,1
362,3012,4
363,3013,5
365,3015,7
374,3024,8
382,3032,8
386,3036,4
388,3038,6
389,3039,7
393,3043,3
395,3045,5
405,3055,7
407,3057,1
411,3061,5
414,3064,8
420,3070,6
424,3074,2
429,3079,7
432,3082,2
442,3092,4
446,3096,8
447,3097,1
450,3100,4
455,3105,1
456,3106,2
458,3108,4
463,3113,1
465,3115,3
466,3116,4
469,3119,7
475,3125,5
477,3127,7
481,3131,3
482,3132,4
484,3134,6
486,3136,8
487,3137,1
489,3139,3
490,3140,4
491,3141,5
493,3143,7
497,3147,3
498,3148,4
500,3150,6
501,3151,7
502,3152,8
503,3153,1
514,3164,4
522,3172,4
525,3175,7
529,3179,3
14,3194,2
22,3202,2
28,3208,8
44,3224,8
51,3231,7
55,3235,3
68,3248,8
82,3262,6
84,3264,8
89,3269,5
94,3274,2
96,3276,4
107,3287,7
108,3288,8
117,3297,1
130,3310,6
140,3320,8
144,3324,4
148,3328,8
152,3332,4
154,3334,6
162,3342,6
163,3343,7
191,3371,3
192,3372,4
193,3373,5
199,3379,3
200,3380,4
208,3388,4
210,3390,6
211,3391,7
217,3397,5
224,3404,4
226,3406,6
230,3410,2
231,3411,3
246,3426,2
269,3449,1
285,3465,1
297,3477,5
298,3478,6
300,3480,8
302,3482,2
306,3486,6
308,3488,8
311,3491,3
321,3501,5
323,3503,7
329,3509,5
354,3534,6
359,3539,3
362,3542,6
382,3562,2
386,3566,6
388,3568,8
395,3575,7
405,3585,1
420,3600,8
429,3609,1
432,3612,4
442,3622,6
446,3626,2
447,3627,3
463,3643,3
465,3645,5
475,3655,7
481,3661,5
482,3662,6
486,3666,2
487,3667,3
489,3669,5
498,3678,6
502,3682,2
503,3683,3
529,3709,5
51,3761,1
82,3792,8
96,3806,6
107,3817,1
130,3840,8
152,3862,6
154,3864,8
163,3873,1
211,3921,1
226,3936,8
297,4007,7
298,4008,8
300,4010,2
308,4018,2
321,4031,7
362,4072,8
382,4092,4
386,4096,8
395,4105,1
405,4115,3
420,4130,2
429,4139,3
432,4142,6
475,4185,1
482,4192,8
489,4199,7
502,4212,4
